I(w1;w2),C(w1),C(w2),C(w1;w2),collocation
14.25552641105566,661,663,661,"('MÜSAVAT', 'DERVİŞOĞLU')"
14.240370962359378,669,669,668,"('TABİİ', 'KAYNAKLAR')"
14.20843129332036,685,685,685,"('SERPİL', 'KEMALBAY')"
14.20843129332036,685,684,684,"('KEMALBAY', 'PEKGÖZEGÜ')"
14.193226439614765,683,673,664,"('İptal', 'Edilen')"
14.110504031228766,730,707,704,"('AR', 'GE')"
14.068058636955806,755,734,734,"('ZÜLFÜ', 'DEMİRBAĞ')"
14.049075533588233,765,765,765,"('RUŞTU', 'TİRYAKİ')"
14.00447242558045,787,781,779,"('FETHİ', 'GÜRER')"
14.003456956042577,708,784,703,"('Metanet', 'Çulhaoğlu')"
14.002682628103782,790,661,661,"('DURSUN', 'MÜSAVAT')"
13.898723354318781,848,826,825,"('SALİH', 'CORA')"
13.79866873608219,910,909,909,"('GARO', 'PAYLAN')"
13.789562057709153,869,705,669,"('Birleşik', 'Devletleri')"
13.767304565172854,930,854,854,"('Uygun', 'Bulunduğuna')"
13.763755498091783,814,930,812,"('Onaylanmasının', 'Uygun')"
13.748808221555464,788,942,788,"('KERESTECİOĞLU', 'DEMİR')"
13.719998850394497,961,722,722,"('YAVUZ', 'AĞIRALİOĞLU')"
13.689677593415636,934,828,788,"('Süreyya', 'Sadi')"
13.624171004850053,1027,788,788,"('FİLİZ', 'KERESTECİOĞLU')"
13.622474502342726,850,952,787,"('HAYDAR', 'AKAR')"
13.572067203704213,795,1042,778,"('Müsavat', 'Dervişoğlu')"
13.564865282659856,1067,691,689,"('ABDULLAH', 'GÜLER')"
13.464741795152422,1147,1029,1029,"('FATMA', 'KURTULAN')"
13.458010535982398,1072,803,747,"('Bekir', 'Pakdemirli')"
13.397243130410716,1146,795,758,"('Dursun', 'Müsavat')"
13.295185142009101,1073,1266,1053,"('Raporunun', 'Sunulduğuna')"
13.289639373237886,1294,1277,1276,"('KÂTİP', 'ÜYELER')"
13.264590368483292,790,1281,768,"('Uyarınca', 'Hazırlanan')"
13.257199193500677,1311,787,779,"('ÖMER', 'FETHİ')"
13.250702461407373,981,1245,918,"('Fethi', 'Gürer')"
13.184915190693923,879,1063,671,"('metninden', 'çıkarılmasını')"
13.140770437792863,688,1417,679,"('HÜDA', 'KAYA')"
13.120374317670503,1403,1368,1318,"('Hakkı', 'Saruhan')"
13.112675366993525,1460,729,727,"('Hükmünde', 'Kararnamede')"
13.101892232031682,986,1475,986,"('Oturumunu', 'açıyorum')"
13.090202539115829,1487,703,703,"('YILMAZ', 'TUNÇ')"
13.061135202552837,1020,1370,921,"('Binali', 'Yıldırım')"
12.998206117424,1033,1298,846,"('Bravo', 'sesleri')"
12.944434123551192,1263,1029,790,"('aykırılık', 'sırasına')"
12.938311958786416,673,1630,664,"('Edilen', 'Ödenek')"
12.933309326267963,997,1297,780,"('Diyanet', 'İşleri')"
12.922602488311789,1456,1544,1346,"('Fuat', 'Oktay')"
12.859311045702787,1710,1343,1316,"('Birleşmiş', 'Milletler')"
12.761994299198614,1864,653,652,"('GENEL', 'MÜDÜRLÜĞÜ')"
12.753983413920334,1777,1498,1418,"('Meral', 'Danış')"
12.742073915885612,1518,1515,1215,"('öğrenmek', 'istediğine')"
12.734895125721103,734,1796,693,"('DEMİRBAĞ', 'Elâzığ')"
12.724509625432068,1916,1288,1288,"('OTURUM', 'Açılma')"
12.718408284333025,1786,1811,1681,"('MUHAMMED', 'LEVENT')"
12.62976203803845,1923,981,922,"('Ömer', 'Fethi')"
12.591980043789102,2068,1948,1918,"('KANUN', 'TEKLİFLERİ')"
12.582631809785564,2114,1946,1946,"('İLE', 'KOMİSYONLARDAN')"
12.582631809785564,1948,2114,1948,"('TEKLİFLERİ', 'İLE')"
12.57462737072094,1814,1691,1443,"('Muhammet', 'Emin')"
12.55558425834392,1497,1236,859,"('Siyasi', 'Parti')"
12.529043660765055,1946,2194,1946,"('KOMİSYONLARDAN', 'GELEN')"
12.519867014390078,2206,2208,2206,"('SARUHAN', 'OLUÇ')"
12.51940341130896,2194,1952,1939,"('GELEN', 'DİĞER')"
12.516980845421612,1399,2078,1314,"('Lütfü', 'Türkkan')"
12.50556347636058,2230,2206,2206,"('HAKKI', 'SARUHAN')"
12.501310783858516,1952,2232,1948,"('DİĞER', 'İŞLER')"
12.498825774222805,2239,1557,1556,"('ERKAN', 'AKÇAY')"
12.46819364661849,1894,1456,1205,"('Yardımcısı', 'Fuat')"
12.434836840518086,2204,984,926,"('acil', 'şifalar')"
12.428286355034702,1498,2337,1488,"('Danış', 'Beştaş')"
12.40210376832561,1368,2338,1335,"('Saruhan', 'Oluç')"
12.396570292510843,2405,1491,1491,"('MAHMUT', 'TANAL')"
12.396520701302304,1937,1562,1258,"('araştırması', 'önergesinin')"
12.394559567389697,2405,718,717,"('MAHMUT', 'TOĞRUL')"
12.34246204782694,1326,1932,1026,"('Muhammed', 'Levent')"
12.341487844682463,1811,2322,1683,"('LEVENT', 'BÜLBÜL')"
12.314941530205191,1288,2545,1288,"('Açılma', 'Saati')"
12.311072180536538,781,2395,733,"('GÜRER', 'Niğde')"
12.283331781737521,2206,2566,2176,"('Halkların', 'Demokratik')"
12.282424171018263,2594,2599,2590,"('LÜTFÜ', 'TÜRKKAN')"
12.279144578478807,2386,1849,1691,"('işleme', 'alacağım')"
12.277437302199104,1286,2545,1253,"('Kapanma', 'Saati')"
12.271290441529832,1730,2141,1412,"('Özlem', 'Zengin')"
12.254982510939552,2653,2653,2653,"('ÖZLEM', 'ZENGİN')"
12.247189681517087,2311,988,856,"('Silahlı', 'Kuvvetleri')"
12.224901028857309,797,2403,707,"('KÖKSAL', 'Afyonkarahisar')"
12.202280097962777,2092,1097,834,"('Ayhan', 'Erel')"
12.201638361555496,2018,1798,1318,"('birleşiminde', 'yapılmasına')"
12.195394400039566,1128,1630,665,"('Toplam', 'Ödenek')"
12.186449185528144,2193,869,685,"('Amerika', 'Birleşik')"
12.1647078033463,1673,1256,744,"('Söz', 'sırası')"
12.13585990482429,1757,1840,1122,"('Erkan', 'Akçay')"
12.122847358073827,2566,2018,1781,"('günkü', 'birleşiminde')"
12.083426552960528,2987,2985,2984,"('EMİN', 'AKBAŞOĞLU')"
12.061769210100612,1691,2574,1435,"('Emin', 'Akbaşoğlu')"
12.024672897436679,2643,2693,2287,"('Recep', 'Tayyip')"
11.967504200865681,3238,3237,3237,"('MERAL', 'DANIŞ')"
11.967504200865681,3237,3238,3237,"('DANIŞ', 'BEŞTAŞ')"
11.948330754277531,1466,1719,768,"('Tezkeresi', 'Sayılı')"
11.946639629539872,2662,2367,1918,"('İnsan', 'Hakları')"
11.933430353196465,826,3203,798,"('CORA', 'Trabzon')"
11.902199033037435,3380,2987,2980,"('MUHAMMET', 'EMİN')"
11.877654164635793,2844,870,718,"('Günü', 'nü')"
11.874528899055045,1459,2386,1008,"('okutup', 'işleme')"
11.873629711376434,1864,1231,664,"('GENEL', 'TOPLAM')"
11.864205714928406,1338,3065,1179,"('Yapılması', 'Hakkında')"
11.821311257736557,1562,2239,976,"('önergesinin', 'ön')"
11.803358561298653,3599,3605,3576,"('Milliyetçi', 'Hareket')"
11.802772142933613,3222,739,656,"('Kurulun', 'onayına')"
11.801161778885728,2982,3613,2965,"('CAHİT', 'ÖZKAN')"
11.790702896352443,2664,1286,936,"('veriyorum', 'Kapanma')"
11.776564862583466,3164,3292,2818,"('önergeye', 'katılıyor')"
11.692110775309871,2306,1674,985,"('Tamamlayın', 'sözlerinizi')"
11.668389539100167,3984,729,729,"('TURAN', 'AYDOĞAN')"
11.66461868457873,2323,1128,656,"('CETVELİ', 'Toplam')"
11.629742682532777,4077,1619,1613,"('KOMİSYONU', 'SÖZCÜSÜ')"
11.629645050154952,2239,2367,1295,"('ön', 'görüşmelerinin')"
11.564248903209243,4077,1878,1788,"('KOMİSYONU', 'BAŞKANI')"
11.561376758124185,1365,4077,1297,"('BÜTÇE', 'KOMİSYONU')"
11.531904445665546,3257,3984,2963,"('BÜLENT', 'TURAN')"
11.531795575465027,4362,3228,3215,"('Bazı', 'Kanunlarda')"
11.517778207118836,729,4386,723,"('Kararnamede', 'Değişiklik')"
11.504909432539561,1827,3490,1429,"('merkezî', 'yönetim')"
11.497379678240778,3121,1578,1098,"('esas', 'numaralı')"
11.497227313256646,4409,4203,4131,"('İç', 'Tüzük')"
11.474832214869776,2693,4375,2586,"('Tayyip', 'Erdoğan')"
11.470674844211167,2653,4409,2560,"('ZENGİN', 'Tokat')"
11.465035177379706,2484,1734,939,"('Engin', 'Özkoç')"
11.4456119178567,2985,4372,2807,"('AKBAŞOĞLU', 'Çankırı')"
11.435459564897872,4663,4664,4645,"('GRUBU', 'ADINA')"
11.433103304237957,2076,3506,1552,"('Cahit', 'Özkan')"
11.432394490265265,4386,3465,3239,"('Değişiklik', 'Yapılmasına')"
11.429845269794036,3511,1897,1417,"('Aynı', 'mahiyetteki')"
11.370172588837013,3826,1653,1291,"('doğal', 'gaz')"
11.36647461813678,3652,2024,1505,"('hayatını', 'kaybeden')"
11.347920478217622,1489,2566,768,"('Salı', 'günkü')"
11.343808807401663,2484,2593,1291,"('Engin', 'Altay')"
11.338621325371223,4706,848,797,"('Tabii', 'Kaynaklar')"
11.330180330100749,4940,1722,1689,"('almış', 'bulunmaktayım')"
11.321558676150044,1552,2566,786,"('Çarşamba', 'günkü')"
11.314662423261028,1551,3243,988,"('Orta', 'Doğu')"
11.295135916563122,3061,3429,2034,"('biliyor', 'musunuz')"
11.294159166266535,993,4077,784,"('ADALET', 'KOMİSYONU')"
11.245364119729889,3238,4647,2817,"('BEŞTAŞ', 'Siirt')"
11.22465650146152,4386,1338,1083,"('Değişiklik', 'Yapılması')"
11.222627321484559,1302,5393,1294,"('PLAN', 'VE')"
11.21661569559172,5449,765,765,"('MEHMET', 'RUŞTU')"
11.21450854979874,5393,1365,1349,"('VE', 'BÜTÇE')"
11.209230353402864,5449,2546,2533,"('MEHMET', 'MUŞ')"
11.208853990990828,5393,834,821,"('VE', 'TEKNOLOJİ')"
11.199313022741022,2220,2581,1039,"('sivil', 'toplum')"
11.180327175135458,2171,3207,1246,"('Bülent', 'Turan')"
11.174357632081888,4945,1466,1292,"('Başkanlığı', 'Tezkeresi')"
11.165038564237467,2011,2870,1022,"('hayırlı', 'olmasını')"
11.164447210538734,3228,4386,2506,"('Kanunlarda', 'Değişiklik')"
11.155458707428158,2679,3947,1860,"('önergeyi', 'okutuyorum')"
11.147925014168798,4940,1822,1575,"('almış', 'bulunuyorum')"
11.145644412060504,1932,3090,1043,"('Levent', 'Bülbül')"
11.115404161749229,1266,5845,1266,"('Sunulduğuna', 'Dair')"
11.112575657963392,1878,2027,650,"('Büyükşehir', 'Belediye')"
11.10427833986539,5323,3219,2909,"('Raporu', 'Sayısı')"
11.099422512697148,5683,3357,3228,"('Başkanlığına', 'Görüşülmekte')"
11.095676165893423,3938,2245,1492,"('Cumhurbaşkanlığı', 'hükûmet')"
11.076153345666736,3465,5845,3372,"('Yapılmasına', 'Dair')"
11.05708362342617,3243,1522,811,"('Doğu', 'Akdeniz')"
11.049095458457682,2317,5000,1893,"('gündem', 'dışı')"
11.03705928357222,2159,5731,2005,"('değiştirilmesini', 'arz')"
11.03266777706662,6190,2171,2171,"('ENGİN', 'ÖZKOÇ')"
11.007403511296255,6190,4090,4019,"('ENGİN', 'ALTAY')"
10.99353566006929,2323,2664,973,"('ara', 'veriyorum')"
10.978273923765515,3514,1478,808,"('yüce', 'heyetinizi')"
10.947812175387998,6565,665,665,"('Bütçe', 'Gideri')"
10.941855334929391,6053,917,842,"('Mustafa', 'Şentop')"
10.939099972797429,5659,6355,5445,"('ÖZGÜR', 'ÖZEL')"
10.926701257497376,1005,6622,999,"('Oturum', 'Başkanı')"
10.924206362016376,854,5845,748,"('Bulunduğuna', 'Dair')"
10.913106575583756,5724,981,835,"('Cumhuriyeti', 'Hükümeti')"
10.907121105439382,2171,6336,2037,"('ÖZKOÇ', 'Sakarya')"
10.898330524851584,984,4557,660,"('şifalar', 'diliyorum')"
10.88702828785192,5968,5738,5001,"('Cumhuriyet', 'Halk')"
10.877320943854446,6884,708,707,"('Mehmet', 'Metanet')"
10.824905707943246,3372,5298,2499,"('Özgür', 'Özel')"
10.806447425422107,7212,5270,5249,"('Kesin', 'Hesabı')"
10.800995042781134,6756,3164,2941,"('Komisyon', 'önergeye')"
10.799012964157637,5703,5586,4377,"('tan', 'rahmet')"
10.792037601699935,6255,760,650,"('terör', 'örgütünün')"
10.785997576836555,980,6355,848,"('RECEP', 'ÖZEL')"
10.783559019832234,4336,2679,1579,"('Diğer', 'önergeyi')"
10.750405978836447,3292,7315,3199,"('katılıyor', 'mu')"
10.7390497921622,7212,1982,1884,"('Kesin', 'Hesap')"
10.711284429683477,5931,3791,2907,"('teklif', 'ederiz')"
10.70277051608566,3984,5183,2654,"('TURAN', 'Çanakkale')"
10.697505965816866,883,6385,722,"('yılları', 'arasında')"
10.696368291527667,1784,5099,1164,"('yeter', 'sayısı')"
10.695373926783006,1063,5731,779,"('çıkarılmasını', 'arz')"
10.68136403480305,6255,1799,1425,"('terör', 'örgütü')"
10.651117602948686,5622,2797,1950,"('Millî', 'Eğitim')"
10.64132343644427,1069,7967,1049,"('sataşması', 'nedeniyle')"
10.633778736279018,5586,2570,1759,"('rahmet', 'dilediğine')"
10.614884809688895,1264,4442,679,"('araştırılması', 'amacıyla')"
10.607939094305598,6165,934,693,"('Vekili', 'Süreyya')"
10.599933369327992,2599,7529,2342,"('TÜRKKAN', 'Kocaeli')"
10.590033992370326,1552,5323,982,"('Değerlendirme', 'Raporu')"
10.561299843578697,806,8188,769,"('geçilmesini', 'oylarınıza')"
10.554361285977475,2793,8188,2652,"('Önergeyi', 'oylarınıza')"
10.539117748378402,1029,7868,929,"('KURTULAN', 'Mersin')"
10.537551707763969,1512,6099,1057,"('olmasına', 'rağmen')"
10.536345963182171,6127,1827,1282,"('yılı', 'merkezî')"
10.526561666964087,1312,4945,738,"('İdaresi', 'Başkanlığı')"
10.512910894802374,8188,1189,1097,"('oylarınıza', 'sunacağım')"
10.5027861744676,6743,1894,1429,"('Cumhurbaşkanı', 'Yardımcısı')"
10.501145339354771,1396,4557,711,"('başsağlığı', 'diliyorum')"
10.495492560648234,5085,2655,1503,"('grup', 'başkan')"
10.483218511408248,2322,6336,1624,"('BÜLBÜL', 'Sakarya')"
10.480921921145033,3613,6723,2677,"('ÖZKAN', 'Denizli')"
10.480513943306708,1719,4055,768,"('Sayılı', 'Sayıştay')"
10.479864505169685,5643,5323,3308,"('Komisyonu', 'Raporu')"
10.477587317061227,6032,1072,711,"('Bakanı', 'Bekir')"
10.427909393626548,3694,3960,1554,"('Kemal', 'Atatürk')"
10.39797683616325,7315,1302,991,"('mu', 'PLAN')"
10.395697336998191,9109,1937,1833,"('Meclis', 'araştırması')"
10.395096721928843,9109,869,822,"('Meclis', 'Araştırması')"
10.382282404786505,1751,4217,760,"('konuşmak', 'isteyen')"
10.37321831472361,5622,2066,1188,"('Millî', 'Savunma')"
10.315093993086107,10027,3015,2970,"('yaptığı', 'açıklamasındaki')"
10.296273813668975,10287,5241,5228,"('edenler', 'Etmeyenler')"
10.296200331601904,952,7529,695,"('AKAR', 'Kocaeli')"
10.28557951462413,4709,1690,766,"('maddesi', 'gereğince')"
10.275451048155785,2304,6698,1475,"('meydana', 'gelen')"
10.269824927716005,9030,5703,4903,"('Allah', 'tan')"
10.251721459956697,5072,1751,835,"('hakkında', 'konuşmak')"
10.247158790390223,3015,10560,2984,"('açıklamasındaki', 'bazı')"
10.234222585210224,10466,790,768,"('Kanunu', 'Uyarınca')"
10.230008047690134,10560,5551,5429,"('bazı', 'ifadelerine')"
10.2262766135325,10027,2224,2060,"('yaptığı', 'konuşmasındaki')"
10.196375310111351,2224,10560,2125,"('konuşmasındaki', 'bazı')"
10.191253501464255,9804,965,853,"('Grubu', 'Önerileri')"
10.189246240112107,7315,993,654,"('mu', 'ADALET')"
10.187187595509645,1982,10466,1865,"('Hesap', 'Kanunu')"
10.177973274213485,6391,2333,1332,"('Avrupa', 'Birliği')"
10.176168818599308,3580,4336,1385,"('edilmemiştir', 'Diğer')"
10.147679339427846,6053,3694,1956,"('Mustafa', 'Kemal')"
10.1170762346568,1557,11219,1496,"('AKÇAY', 'Manisa')"
10.102073692182922,5009,1703,723,"('FETÖ', 'nün')"
10.080115803390555,6114,1446,738,"('sosyal', 'medya')"
10.049206018592805,8188,10505,7028,"('oylarınıza', 'sunuyorum')"
10.04852780187126,4203,7091,2434,"('Tüzük', 'ün')"
10.041597187244545,1327,9485,1023,"('yanı', 'sıra')"
10.026658320083392,1188,8518,814,"('Danışma', 'Kurulu')"
10.024690554004152,7307,1443,847,"('beş', 'dakikadır')"
10.007497376099018,11423,5683,5153,"('Meclisi', 'Başkanlığına')"
10.000633879518084,1780,7609,1070,"('olursa', 'olsun')"
9.99606514325569,2838,8188,1830,"('maddeyi', 'oylarınıza')"
9.959224942487179,1524,10505,1229,"('saygılar', 'sunuyorum')"
9.950252481152077,2985,7307,1664,"('Süreniz', 'beş')"
9.928353256273066,4598,4521,1562,"('etmeyenler', 'Önerge')"
9.919547656367602,1236,9804,905,"('Parti', 'Grubu')"
9.879752570458297,2863,6298,1310,"('Şu', 'anda')"
9.87310982183649,13801,5164,5154,"('Yönetim', 'Bütçesi')"
9.86664513916645,6355,11219,5133,"('ÖZEL', 'Manisa')"
9.860150948062572,10588,13801,10473,"('Merkezî', 'Yönetim')"
9.82618655529203,14272,1106,1105,"('karşı', 'karşıyayız')"
9.815188713660106,13775,2557,2447,"('Millet', 'Meclisinin')"
9.803221975726984,14272,2218,2181,"('karşı', 'karşıya')"
9.797453564080039,3605,11197,2770,"('Hareket', 'Partisi')"
9.796768582351291,6622,2162,982,"('Başkanı', 'TBMM')"
9.789610328748166,4819,2107,693,"('uncu', 'maddesine')"
9.777884954194587,9604,1658,1078,"('Anayasa', 'Mahkemesi')"
9.7741530421887,2215,5643,844,"('Dışişleri', 'Komisyonu')"
9.774037871545165,13775,715,665,"('Millet', 'Meclisine')"
9.772034645631994,13801,7212,6711,"('Yönetim', 'Kesin')"
9.762758666340384,14150,13775,13058,"('Büyük', 'Millet')"
9.746895684283913,5085,3796,1279,"('grup', 'önerisi')"
9.738720087885696,2566,11197,1893,"('Demokratik', 'Partisi')"
9.733128519596217,13436,770,679,"('saygıyla', 'selamlarım')"
9.723116403110904,1524,7611,756,"('Tamamlayalım', 'lütfen')"
9.689075321630995,10787,1733,1190,"('kanun', 'teklifinin')"
9.688563080182009,4055,4945,1276,"('Sayıştay', 'Başkanlığı')"
9.682012940315044,15770,973,972,"('yıl', 'dönümünde')"
9.681109838653496,15770,1210,1208,"('yıl', 'dönümüne')"
9.674384511705082,9039,1459,831,"('vardır', 'okutup')"
9.661730292232942,12869,2406,1934,"('son', 'derece')"
9.659078500114623,5000,3766,1174,"('dışı', 'konuşması')"
9.654630339398992,13436,13155,10986,"('saygıyla', 'selamlıyorum')"
9.65436645665811,1630,6565,665,"('Ödenek', 'Bütçe')"
9.65217666827757,15770,1071,1048,"('yıl', 'dönümü')"
9.648759695742115,6355,1998,786,"('ÖZEL', 'Isparta')"
9.648286126790566,8380,11466,5946,"('olmak', 'üzere')"
9.646194567498384,741,15375,704,"('baktığımız', 'zaman')"
9.640316370145339,6391,2662,1047,"('Avrupa', 'İnsan')"
9.605177665209228,4966,5180,1545,"('hep', 'beraber')"
9.600633250832617,2569,6612,1017,"('adı', 'altında')"
9.591779852268541,13775,843,691,"('Millet', 'Meclisinde')"
9.585713933447526,11446,1641,1113,"('iş', 'birliği')"
9.584506763466939,2577,13436,2050,"('hepinizi', 'saygıyla')"
9.58189676250744,16601,10588,10388,"('Yılı', 'Merkezî')"
9.57648993391501,5738,2069,699,"('Halk', 'Partisinin')"
9.571238768520471,6396,2865,1075,"('insan', 'hakları')"
9.562409720049882,1579,13436,1237,"('Hepinizi', 'saygıyla')"
9.559184501496457,17075,17173,17059,"('Mikrofon', 'otomatik')"
9.549135380598875,1460,7967,672,"('sataşma', 'nedeniyle')"
9.547398532321203,17173,17208,17052,"('otomatik', 'cihaz')"
9.545768821040852,3701,13801,2944,"('Merkezi', 'Yönetim')"
9.526489045479677,2870,6053,988,"('Gazi', 'Mustafa')"
9.524867750297778,2571,14337,2094,"('AÇIKLAMALAR', 'Devam')"
9.521443868749554,6884,3714,1449,"('Mehmet', 'Muş')"
9.5109235068046,13775,11423,8853,"('Millet', 'Meclisi')"
9.51050764750817,1029,14859,860,"('sırasına', 'göre')"
9.505308908478014,867,14859,722,"('verilerine', 'göre')"
9.50523677227739,9485,13645,7253,"('sıra', 'sayılı')"
9.499394367371384,5738,11197,3586,"('Halk', 'Partisi')"
9.485667102292183,12249,6298,4265,"('şu', 'anda')"
9.481507408945774,1016,14337,803,"('BAŞKANLIĞI', 'Devam')"
9.477433620637159,859,14337,677,"('BAKANLIĞI', 'Devam')"
9.476819688710865,13153,981,709,"('kabul', 'edilemez')"
9.476032104481945,11798,4286,2777,"('aynı', 'zamanda')"
9.46862416411944,1478,13436,1085,"('heyetinizi', 'saygıyla')"
9.44854742713329,17298,1295,1207,"('Türk', 'milletinin')"
9.445114993782022,5683,3411,1042,"('Başkanlığına', 'verilmiş')"
9.440582790452947,5270,2323,656,"('Hesabı', 'CETVELİ')"
9.423389611482728,5845,4055,1255,"('Dair', 'Sayıştay')"
9.420299998210977,2062,7609,829,"('geçmiş', 'olsun')"
9.417083837379884,7896,2323,967,"('dakika', 'ara')"
9.414996158964975,2574,9247,1253,"('Akbaşoğlu', 'nun')"
9.407229932667326,1083,14337,813,"('KURUMU', 'Devam')"
9.396110118369405,3425,4074,725,"('yurt', 'dışında')"
9.38899230883475,10787,3032,1691,"('kanun', 'teklifi')"
9.388027597044891,10276,8839,4693,"('yer', 'alan')"
9.366320322427214,5293,2565,691,"('hukuk', 'devleti')"
9.364961640800997,8197,1785,744,"('tek', 'adam')"
9.349167320041225,2515,6032,763,"('Orman', 'Bakanı')"
9.343889306522968,3090,7091,1098,"('Bülbül', 'ün')"
9.341723050578405,9284,3567,1657,"('milyar', 'dolar')"
9.326643904008503,1281,16601,1053,"('Hazırlanan', 'Yılı')"
9.313953044355701,20360,1460,1459,"('Kanun', 'Hükmünde')"
9.299058488598535,20360,2466,2439,"('Kanun', 'Teklifleri')"
9.280406926152704,17298,2311,1917,"('Türk', 'Silahlı')"
9.266670214702387,2232,14337,1520,"('İŞLER', 'Devam')"
9.266549514045401,9804,15516,7225,"('Grubu', 'adına')"
9.265829691092724,20923,4598,4567,"('Kabul', 'etmeyenler')"
9.263719562557899,1142,12192,660,"('sormak', 'istiyorum')"
9.262176678794907,9294,2679,1179,"('on', 'sekiz')"
9.228716935256147,6565,5643,1714,"('Bütçe', 'Komisyonu')"
9.20410089696177,2107,14859,1424,"('maddesine', 'göre')"
9.201345182892817,20923,10287,9771,"('Kabul', 'edenler')"
9.178462314831272,13153,3580,2104,"('kabul', 'edilmemiştir')"
9.170776187008213,4363,8380,1625,"('başta', 'olmak')"
9.141508660282737,4442,5138,994,"('amacıyla', 'tarihinde')"
9.138706394959815,15992,2552,1774,"('devam', 'edeceğiz')"
9.123487992161632,20360,13486,11810,"('Kanun', 'Teklifi')"
9.11827350221655,1513,13155,853,"('saygılarımla', 'selamlıyorum')"
9.116291845770235,3983,4740,808,"('görev', 'yapan')"
9.116007949642258,16601,3701,2629,"('Yılı', 'Merkezi')"
9.107704508876179,18518,14493,11418,"('Teşekkür', 'ederim')"
9.098908602883254,2466,14337,1495,"('Teklifleri', 'Devam')"
9.097057431980838,3219,14337,1949,"('Sayısı', 'Devam')"
9.094786740971482,3960,7091,1184,"('Atatürk', 'ün')"
9.089007321100443,1734,9283,676,"('Özkoç', 'un')"
9.086753724512814,5241,20923,4598,"('Etmeyenler', 'Kabul')"
9.074899680429919,9294,2269,877,"('on', 'yedi')"
9.068422961078602,2827,16601,1943,"('Üniversitesi', 'Yılı')"
9.068142340472654,1663,17142,1180,"('rica', 'ediyorum')"
9.058754842548211,5414,11197,2493,"('Kalkınma', 'Partisi')"
9.056477377599919,23961,866,852,"('Genel', 'Kurulda')"
9.053294234236805,23961,1309,1285,"('Genel', 'Kurula')"
9.052203164511383,4819,4709,929,"('uncu', 'maddesi')"
9.043258421046202,23961,3222,3141,"('Genel', 'Kurulun')"
9.037768584766553,2990,6032,731,"('İçişleri', 'Bakanı')"
9.03338988595317,2338,9283,877,"('Oluç', 'un')"
9.028242732683628,11197,9804,4420,"('Partisi', 'Grubu')"
9.021559513808016,3065,20360,2501,"('Hakkında', 'Kanun')"
8.970902872008796,5586,4557,985,"('rahmet', 'diliyorum')"
8.942318648216396,17755,1210,815,"('yüzde', 'oranında')"
8.941401826906858,23961,2260,2053,"('Genel', 'Müdürlüğü')"
8.864577984929234,2243,12192,983,"('söylemek', 'istiyorum')"
8.861843268260298,7091,4819,1226,"('ün', 'uncu')"
8.858980645394658,8518,13436,4098,"('Kurulu', 'saygıyla')"
8.844240872040874,17298,1742,1068,"('Türk', 'milleti')"
8.84033536648922,1712,16773,1015,"('aittir', 'Buyurun')"
8.836080041914926,24384,1095,941,"('en', 'azından')"
8.835308471301644,7790,2726,748,"('ortaya', 'çıkan')"
8.826243357310856,1521,17299,921,"('ondan', 'sonra')"
8.82508466516478,4521,5072,802,"('Önerge', 'hakkında')"
8.824552289550534,7967,3766,1049,"('nedeniyle', 'konuşması')"
8.811242915072619,23961,1012,840,"('Genel', 'Kurul')"
8.76465469729509,4476,9039,1357,"('önerge', 'vardır')"
8.75325471986539,8281,3110,857,"('etmek', 'isterim')"
8.744564622966001,4058,6504,873,"('mümkün', 'değildir')"
8.724910212694649,5845,20360,3883,"('Dair', 'Kanun')"
8.722171056126811,7307,7896,1879,"('beş', 'dakika')"
8.715572288438574,9741,3420,1080,"('siyasi', 'parti')"
8.704499369843465,10505,20923,7071,"('sunuyorum', 'Kabul')"
8.70338307102934,4966,9127,1457,"('hep', 'birlikte')"
8.70137277387322,1264,25705,1043,"('konuyla', 'ilgili')"
8.694917829436106,2260,16601,1199,"('Müdürlüğü', 'Yılı')"
8.678610346791665,4521,13153,1879,"('Önerge', 'kabul')"
8.67804620682158,3714,9283,1089,"('Muş', 'un')"
8.67626045480092,9284,3766,1103,"('milyar', 'TL')"
8.669870787085246,17208,31534,17043,"('cihaz', 'tarafından')"
8.658370839061993,31534,17362,17059,"('tarafından', 'kapatıldı')"
8.637080359174305,24937,1425,1091,"('söz', 'aldım')"
8.635844647726762,1245,18067,690,"('Gürer', 'in')"
8.617989929719238,14575,1952,862,"('diye', 'düşünüyorum')"
8.605493893321048,3690,16601,1840,"('Kurumu', 'Yılı')"
8.56950351554115,1516,27221,1209,"('sonuna', 'kadar')"
8.564605164181494,21523,34192,21487,"('AK', 'PARTİ')"
8.554010197814296,12810,34192,12695,"('İYİ', 'PARTİ')"
8.541491515763811,6109,17142,3009,"('teşekkür', 'ediyorum')"
8.525226437794831,15992,2892,1314,"('devam', 'etmektedir')"
8.521251452774537,25749,4023,2935,"('her', 'türlü')"
8.5165058667875,32160,2985,2711,"('alkışlar', 'Süreniz')"
8.487153478895788,3080,27221,2320,"('bugüne', 'kadar')"
8.484792964280837,20481,1603,907,"('ile', 'Milletvekilinin')"
8.469829932652255,35210,22404,21568,"('ilişkin', 'açıklaması')"
8.460624400336778,2681,33555,2444,"('yazık', 'ki')"
8.458907452976117,35669,32160,31127,"('sıralarından', 'alkışlar')"
8.452535568459217,24937,4940,3328,"('söz', 'almış')"
8.440699757641385,24937,4846,3238,"('söz', 'konusu')"
8.43882957765915,1544,27204,1124,"('Oktay', 'ın')"
8.425072244895063,20481,4362,2368,"('ile', 'Bazı')"
8.419073455575896,8072,3581,763,"('üncü', 'maddesinin')"
8.418661206704334,6186,18090,2953,"('an', 'önce')"
8.410815467476564,23961,1552,976,"('Genel', 'Değerlendirme')"
8.40793037588376,4755,6078,757,"('Sağlık', 'Bakanlığı')"
8.405092077459644,35210,3532,3251,"('ilişkin', 'sorusu')"
8.402893323254048,13463,8281,2910,"('ifade', 'etmek')"
8.39909311807822,35669,2926,2717,"('sıralarından', 'gürültüler')"
8.392743964551856,23961,8518,5290,"('Genel', 'Kurulu')"
8.392438992647929,803,33304,693,"('Pakdemirli', 'nin')"
8.389456041456887,4521,14558,1702,"('Önerge', 'üzerinde')"
8.369159404265107,11795,3581,1077,"('inci', 'maddesinin')"
8.366845417875322,1956,16829,838,"('aşağıdaki', 'şekilde')"
8.364300648971744,2141,18067,983,"('Zengin', 'in')"
8.360113813399696,20481,2794,1450,"('ile', 'Plan')"
8.353911064525269,20923,8801,4646,"('Kabul', 'edilmiştir')"
8.333163845192301,3357,40161,3353,"('Görüşülmekte', 'olan')"
8.324268024088248,5551,35210,4831,"('ifadelerine', 'ilişkin')"
8.320036134688753,879,40161,870,"('görüşülmekte', 'olan')"
8.249203391740323,2208,38565,1998,"('OLUÇ', 'İstanbul')"
8.248496716192342,10466,3520,864,"('Kanunu', 'nda')"
8.233109499135896,984,31534,720,"('arkadaşları', 'tarafından')"
8.230896541688521,2367,23961,1314,"('görüşmelerinin', 'Genel')"
8.224410109349138,33379,2681,2064,"('ne', 'yazık')"
8.221304237692872,35669,1033,848,"('sıralarından', 'Bravo')"
8.213045380905829,11795,2838,766,"('inci', 'maddeyi')"
8.208668700425921,13645,20360,6338,"('sayılı', 'Kanun')"
8.203365864238064,1491,38565,1307,"('TANAL', 'İstanbul')"
8.19799652538252,1515,35210,1208,"('istediğine', 'ilişkin')"
8.197608615534552,24937,2207,1246,"('söz', 'vereceğim')"
8.168244701070169,9284,6283,1294,"('milyar', 'lira')"
8.154858476635598,44886,6165,6082,"('Başkan', 'Vekili')"
8.152263607200537,5298,18067,2100,"('Özel', 'in')"
8.151696002616811,9219,3581,724,"('nci', 'maddesinin')"
8.151183992112893,9294,3946,804,"('on', 'altı')"
8.146885267567534,24937,2552,1391,"('söz', 'talebi')"
8.13458132507612,1798,35210,1372,"('yapılmasına', 'ilişkin')"
8.132326551995828,4090,38565,3413,"('ALTAY', 'İstanbul')"
8.131938327628868,2546,38565,2124,"('MUŞ', 'İstanbul')"
8.129630958576648,4945,16601,1773,"('Başkanlığı', 'Yılı')"
8.103017901126815,23961,1616,821,"('Genel', 'Başkanımız')"
8.101988961770894,1890,17755,711,"('oranı', 'yüzde')"
8.097436646593607,10287,20923,4546,"('edenler', 'Kabul')"
8.084333300402589,24937,4217,2201,"('söz', 'isteyen')"
8.07842511977237,2102,16638,729,"('vermiş', 'olduğu')"
8.057413655400781,1968,35519,1436,"('pek', 'çok')"
8.054791030690046,2182,17142,767,"('davet', 'ediyorum')"
8.054570055664222,8281,12192,2070,"('etmek', 'istiyorum')"
8.05006108259398,18518,17142,6488,"('Teşekkür', 'ediyorum')"
8.04795480010962,9219,4709,886,"('nci', 'maddesi')"
8.02414345080217,1298,32160,838,"('sesleri', 'alkışlar')"
8.013845059134947,4145,35210,2909,"('gerektiğine', 'ilişkin')"
8.01176045741681,13153,8801,2304,"('kabul', 'edilmiştir')"
8.00306485644,8072,4709,752,"('üncü', 'maddesi')"
7.9891379131973315,20605,28331,11438,"('değerli', 'milletvekilleri')"
7.9787471979580085,15992,7419,2308,"('devam', 'ediyor')"
7.9676495259299935,19064,3595,1323,"('Değerli', 'arkadaşlarım')"
7.951094052537052,9294,7307,1296,"('on', 'beş')"
7.948234380540377,5606,33567,3584,"('kez', 'daha')"
7.941588386767612,11795,4709,1053,"('inci', 'maddesi')"
7.937451045363928,20923,3580,1416,"('Kabul', 'edilmemiştir')"
7.924899214524721,12249,6186,1420,"('şu', 'an')"
7.915910838699887,35519,1356,897,"('çok', 'sayıda')"
7.913364218462356,4055,10466,789,"('Sayıştay', 'Kanunu')"
7.901930707947907,18348,35669,12071,"('CHP', 'sıralarından')"
7.899307626869152,1701,25705,805,"('bununla', 'ilgili')"
7.87325041863607,13486,33304,8121,"('Teklifi', 'nin')"
7.870417834392899,3655,17299,1141,"('bundan', 'sonra')"
7.856620402831868,12322,4663,1027,"('HDP', 'GRUBU')"
7.834812244794462,19064,28331,9509,"('Değerli', 'milletvekilleri')"
7.83298639138923,19064,20196,6770,"('Değerli', 'arkadaşlar')"
7.832779213067104,1560,25705,705,"('maddesiyle', 'ilgili')"
7.8318235441125905,6382,44886,5033,"('Grup', 'Başkan')"
7.801571920389609,1210,35210,733,"('dönümüne', 'ilişkin')"
7.793778751165716,5246,10382,932,"('geçen', 'gün')"
7.783971140392742,20605,3595,1259,"('değerli', 'arkadaşlarım')"
7.780990987314969,1840,27204,849,"('Akçay', 'ın')"
7.765100768909891,24384,4684,1916,"('en', 'az')"
7.761703029670275,8061,14558,1964,"('madde', 'üzerinde')"
7.721629186986005,9604,11866,1855,"('Anayasa', 'nın')"
7.719555762898396,27204,4263,1885,"('ın', 'cevabı')"
7.688033926572067,6109,14493,1408,"('teşekkür', 'ederim')"
7.6876329065061775,57863,14150,13017,"('Türkiye', 'Büyük')"
7.68168036537706,2601,35210,1450,"('ettiğine', 'ilişkin')"
7.672958275567456,3506,27204,1501,"('Özkan', 'ın')"
7.63661748346059,11247,3766,650,"('milyon', 'TL')"
7.633530447197376,2771,16638,706,"('yapmış', 'olduğu')"
7.623790355400321,2337,27204,967,"('Beştaş', 'ın')"
7.6107753304343415,3796,14558,833,"('önerisi', 'üzerinde')"
7.607944230591808,50788,1814,1386,"('Milletvekili', 'Muhammet')"
7.598646577153667,4598,20923,1438,"('etmeyenler', 'Kabul')"
7.592871227627136,14337,3228,689,"('Devam', 'edin')"
7.583761937343471,4476,14558,964,"('önerge', 'üzerinde')"
7.580110739597163,13801,6565,1337,"('Yönetim', 'Bütçe')"
7.561525672344254,33304,1348,654,"('nin', 'görüşmelerine')"
7.557176995182176,5790,7896,664,"('üç', 'dakika')"
7.556453803853011,2593,27204,1024,"('Altay', 'ın')"
7.556104901181882,35210,2317,1184,"('ilişkin', 'gündem')"
7.537508453693361,12322,35669,6297,"('HDP', 'sıralarından')"
7.533413981438912,50788,1403,1018,"('Milletvekili', 'Hakkı')"
7.519445283167346,28331,2577,1033,"('milletvekilleri', 'hepinizi')"
7.519202157216037,70584,676,675,"('BAŞKAN', 'VEKİLİ')"
7.518797603277901,6078,16601,1427,"('Bakanlığı', 'Yılı')"
7.51373959673243,4652,18090,1186,"('biraz', 'önce')"
7.502033536294982,3411,40161,1915,"('verilmiş', 'olan')"
7.50158919886656,2078,27204,790,"('Türkkan', 'ın')"
7.500994038617074,70584,857,845,"('BAŞKAN', 'Toparlayın')"
7.497706004769899,1231,70584,1211,"('TOPLAM', 'BAŞKAN')"
7.495549220125122,70584,1524,1497,"('BAŞKAN', 'Tamamlayalım')"
7.494819346740138,70584,2306,2264,"('BAŞKAN', 'Tamamlayın')"
7.494663676277758,50788,1730,1222,"('Milletvekili', 'Özlem')"
7.488703282811592,15992,3228,715,"('devam', 'edin')"
7.487524524147189,4058,22703,1275,"('mümkün', 'değil')"
7.480137388576853,18348,4663,1178,"('CHP', 'GRUBU')"
7.464104292465583,50788,1326,917,"('Milletvekili', 'Muhammed')"
7.454143902080925,50788,2484,1706,"('Milletvekili', 'Engin')"
7.446111643470621,50788,1757,1200,"('Milletvekili', 'Erkan')"
7.429967806381132,14859,3411,674,"('göre', 'verilmiş')"
7.42725676128965,11795,8061,1262,"('inci', 'madde')"
7.408446588719293,13825,6283,1138,"('bin', 'lira')"
7.404491683033987,25749,2485,836,"('her', 'şeyi')"
7.400374854914536,57863,5724,4315,"('Türkiye', 'Cumhuriyeti')"
7.390614328393965,8072,8061,842,"('üncü', 'madde')"
7.383820160645202,2807,18090,654,"('Daha', 'önce')"
7.381401361605403,50788,3372,2202,"('Milletvekili', 'Özgür')"
7.377942371707582,56398,2549,1844,"('Bu', 'vesileyle')"
7.3754018871637665,11197,6382,915,"('Partisi', 'Grup')"
7.3739948534633655,10466,9247,1238,"('Kanunu', 'nun')"
7.372845379716502,9294,7896,938,"('on', 'dakika')"
7.363134141483539,15992,5600,1137,"('devam', 'ediyoruz')"
7.3468843377124555,11247,13825,1952,"('milyon', 'bin')"
7.343332980319897,34192,35669,15273,"('PARTİ', 'sıralarından')"
7.324901652270509,56398,1077,751,"('Bu', 'kapsamda')"
7.320798241419537,50788,1399,876,"('Milletvekili', 'Lütfü')"
7.316478999375016,6565,20360,1643,"('Bütçe', 'Kanun')"
7.309487919732607,50788,1777,1104,"('Milletvekili', 'Meral')"
7.280089627145999,34192,4663,1911,"('PARTİ', 'GRUBU')"
7.274223457207062,1920,58509,1341,"('Onun', 'için')"
7.272865501387116,35210,3796,1594,"('ilişkin', 'önerisi')"
7.271563118329304,4372,33555,1748,"('tabii', 'ki')"
7.27007234946337,50788,2076,1255,"('Milletvekili', 'Cahit')"
7.260973167263211,9219,8061,879,"('nci', 'madde')"
7.241518104565101,4709,14558,800,"('maddesi', 'üzerinde')"
7.232557807447846,3234,22423,841,"('gerek', 'yok')"
7.218518449459867,3207,27204,1002,"('Turan', 'ın')"
7.204805016674249,4375,27204,1354,"('Erdoğan', 'ın')"
7.197684985403068,33567,6958,2644,"('daha', 'fazla')"
7.196234680225616,4787,35669,1931,"('MHP', 'sıralarından')"
7.174400382285277,70584,2793,2196,"('BAŞKAN', 'Önergeyi')"
7.168590428921232,44886,20605,10261,"('Başkan', 'değerli')"
7.162351937618123,2162,44886,1072,"('TBMM', 'Başkan')"
7.159941730296728,34192,2591,977,"('PARTİ', 'Grubunun')"
7.159760788413441,4801,35210,1864,"('olduğuna', 'ilişkin')"
7.134732873741683,2789,24384,737,"('dünyanın', 'en')"
7.127847004093839,15516,10027,1678,"('adına', 'yaptığı')"
7.108993649391661,20605,20196,4430,"('değerli', 'arkadaşlar')"
7.102183370687207,3388,28331,1017,"('sayın', 'milletvekilleri')"
7.097858587508896,10466,13486,1491,"('Kanunu', 'Teklifi')"
7.073008636850976,13825,5580,801,"('bin', 'kişi')"
7.067187959282376,50788,1923,1010,"('Milletvekili', 'Ömer')"
7.046871112837595,17362,70584,12496,"('kapatıldı', 'BAŞKAN')"
7.036168730197159,50788,2171,1116,"('Milletvekili', 'Bülent')"
6.9989158412813195,11247,6283,697,"('milyon', 'lira')"
6.980139429256927,2570,35210,881,"('dilediğine', 'ilişkin')"
6.970199665671815,56398,2626,1432,"('Bu', 'nedenle')"
6.920841624506208,3947,57863,2134,"('okutuyorum', 'Türkiye')"
6.91101342390488,11423,6622,702,"('Meclisi', 'Başkanı')"
6.907591440061036,5731,14493,769,"('arz', 'ederim')"
6.886285927083277,4684,18090,773,"('az', 'önce')"
6.855724015700014,34192,9804,2994,"('PARTİ', 'Grubu')"
6.845833613648019,8846,33555,2633,"('diyor', 'ki')"
6.817156540105434,9284,11247,908,"('milyar', 'milyon')"
6.789809750040864,10466,20481,1829,"('Kanunu', 'ile')"
6.749447079454508,57863,3970,1906,"('Türkiye', 'yi')"
6.740195840800178,13242,7896,862,"('Bir', 'dakika')"
6.714350525148664,9604,21769,1693,"('Anayasa', 'ya')"
6.698539614422137,50788,2092,851,"('Milletvekili', 'Ayhan')"
6.69306502714955,70584,6756,3805,"('BAŞKAN', 'Komisyon')"
6.6923423389860455,24384,13483,2622,"('en', 'önemli')"
6.6849733886693885,70584,4521,2532,"('BAŞKAN', 'Önerge')"
6.684209917589131,24384,15907,3076,"('en', 'büyük')"
6.674652056253255,23961,6622,1250,"('Genel', 'Başkanı')"
6.668983809097359,8061,13153,832,"('madde', 'kabul')"
6.652383709899185,9268,14243,1024,"('hiçbir', 'şey')"
6.648736605597754,12913,7276,727,"('ben', 'size')"
6.6429079028466385,50788,1814,710,"('Milletvekili', 'İsmail')"
6.63796658445564,7307,15770,885,"('beş', 'yıl')"
6.6261795641616645,57863,3217,1418,"('Türkiye', 'deki')"
6.61765663664512,4018,33555,1021,"('dedi', 'ki')"
6.608461275700008,50788,3925,1500,"('Milletvekili', 'Ali')"
6.6025339248186885,1637,114123,1400,"('Katılamıyoruz', 'Sayın')"
6.590653935012171,34192,2664,677,"('PARTİ', 'li')"
6.587566537796207,50788,6884,2593,"('Milletvekili', 'Mehmet')"
6.583992055728814,1246,114123,1052,"('Katılmıyoruz', 'Sayın')"
6.559122101733778,40161,9485,2770,"('olan', 'sıra')"
6.557013858726364,5790,15770,663,"('üç', 'yıl')"
6.554592855431506,35519,5418,1395,"('çok', 'ciddi')"
6.538804838711587,2545,70584,1288,"('Saati', 'BAŞKAN')"
6.538773341783467,1969,50788,717,"('Tekirdağ', 'Milletvekili')"
6.525462685501035,14558,24937,2579,"('üzerinde', 'söz')"
6.488838190476525,1849,57863,741,"('alacağım', 'Türkiye')"
6.477590178116422,15516,24937,2659,"('adına', 'söz')"
6.4650730841058355,4773,114123,3711,"('Teşekkürler', 'Sayın')"
6.459956324664377,13155,12810,1144,"('selamlıyorum', 'İYİ')"
6.439051906244556,2555,114123,1951,"('Milletvekilimiz', 'Sayın')"
6.437736434369874,11423,13436,1026,"('Meclisi', 'saygıyla')"
6.422248989494957,4341,40161,1153,"('şehit', 'olan')"
6.419089852283353,114123,44886,33804,"('Sayın', 'Başkan')"
6.399395357093232,13486,20481,1798,"('Teklifi', 'ile')"
6.397996246024973,15992,9173,954,"('devam', 'eden')"
6.38876699061818,2395,50788,786,"('Niğde', 'Milletvekili')"
6.386495359273161,70584,1625,740,"('BAŞKAN', 'Buyurunuz')"
6.384201626000699,22703,10052,1470,"('değil', 'mi')"
6.3488631968224745,5072,24937,795,"('hakkında', 'söz')"
6.34328008092461,50788,2717,864,"('Milletvekili', 'Ahmet')"
6.331370360934982,16638,26878,2777,"('olduğu', 'gibi')"
6.324540496491228,50788,6053,1900,"('Milletvekili', 'Mustafa')"
6.289896638166566,25749,10382,1613,"('her', 'gün')"
6.268789052433655,114123,11036,7489,"('Sayın', 'Başkanım')"
6.266619021592689,25749,5246,802,"('her', 'geçen')"
6.265864970165752,6163,33304,1218,"('AKP', 'nin')"
6.264057517046453,4372,50788,1316,"('Çankırı', 'Milletvekili')"
6.262545256783158,15770,18090,1689,"('yıl', 'önce')"
6.25409032237542,4409,50788,1318,"('Tokat', 'Milletvekili')"
6.247164938420575,70584,16773,6935,"('BAŞKAN', 'Buyurun')"
6.246859849689048,114123,3739,2499,"('Sayın', 'Bakan')"
6.225721083788512,1630,70584,664,"('Ödenek', 'BAŞKAN')"
6.219373568137223,11219,50788,3274,"('Manisa', 'Milletvekili')"
6.215042412663267,70584,4773,1930,"('BAŞKAN', 'Teşekkürler')"
6.213832655218992,35210,3766,759,"('ilişkin', 'konuşması')"
6.21254772530735,12869,9294,684,"('son', 'on')"
6.189825980134148,3467,46625,910,"('Son', 'olarak')"
6.1759437040446175,7868,50788,2228,"('Mersin', 'Milletvekili')"
6.174457839163471,24384,6958,945,"('en', 'fazla')"
6.161844325752752,70584,1673,652,"('BAŞKAN', 'Söz')"
6.148580734461229,6723,50788,1868,"('Denizli', 'Milletvekili')"
6.148283333103964,11798,16829,1086,"('aynı', 'şekilde')"
6.13921734015725,1625,114123,1008,"('Buyurunuz', 'Sayın')"
6.138951508842413,22404,5659,689,"('açıklaması', 'ÖZGÜR')"
6.137017123388812,4706,33555,857,"('Tabii', 'ki')"
6.128386041347986,6336,50788,1736,"('Sakarya', 'Milletvekili')"
6.125395629514564,3138,50788,858,"('Kahramanmaraş', 'Milletvekili')"
6.120527740674108,8072,15770,683,"('üncü', 'yıl')"
6.113697517377057,5724,33304,1018,"('Cumhuriyeti', 'nin')"
6.09768012170448,3691,50788,990,"('Bursa', 'Milletvekili')"
6.0861309674155075,35519,13483,2509,"('çok', 'önemli')"
6.085092066303688,8842,15770,730,"('iki', 'yıl')"
6.079407666850876,35519,7240,1341,"('çok', 'iyi')"
6.073770628762389,18067,10027,941,"('in', 'yaptığı')"
6.060848097965535,4647,50788,1215,"('Siirt', 'Milletvekili')"
6.053415746323036,14337,20360,1495,"('Devam', 'Kanun')"
6.039978035282771,9573,50788,2467,"('İzmir', 'Milletvekili')"
6.03158631316295,7529,50788,1929,"('Kocaeli', 'Milletvekili')"
6.020262500416432,20360,9283,946,"('Kanun', 'un')"
6.01791556022298,42853,8882,1902,"('var', 'mı')"
6.012357711290956,6493,24937,806,"('üzerine', 'söz')"
6.007616757111498,9268,15375,707,"('hiçbir', 'zaman')"
6.0070914739699575,4147,33304,685,"('Suriye', 'nin')"
6.0001631241803235,57863,33304,9512,"('Türkiye', 'nin')"
5.998648345167471,27204,10027,1345,"('ın', 'yaptığı')"
5.927635937408968,33379,27221,4265,"('ne', 'kadar')"
5.901466029573425,44886,3388,701,"('Başkan', 'sayın')"
5.89605844229517,33304,4263,652,"('nin', 'cevabı')"
5.892439044742788,13155,21523,1297,"('selamlıyorum', 'AK')"
5.8874207412297785,9268,16829,712,"('hiçbir', 'şekilde')"
5.883826792695749,11795,15770,847,"('inci', 'yıl')"
5.883789285983474,9219,15770,662,"('nci', 'yıl')"
5.866276989586949,38565,50788,8811,"('İstanbul', 'Milletvekili')"
5.864677908246751,33304,8072,1208,"('nin', 'üncü')"
5.861467206680833,25749,15375,1775,"('her', 'zaman')"
5.848912565069184,5183,50788,1170,"('Çanakkale', 'Milletvekili')"
5.84343005977511,13645,16601,1003,"('sayılı', 'Yılı')"
5.836651668903786,16773,114123,8436,"('Buyurun', 'Sayın')"
5.8313341893958155,57863,8293,2107,"('Türkiye', 'ye')"
5.828733276971345,56398,7209,1782,"('Bu', 'konuda')"
5.828113771214843,32160,70584,9945,"('alkışlar', 'BAŞKAN')"
5.819719874390618,33304,11795,1711,"('nin', 'inci')"
5.8137783779638434,13155,18348,1047,"('selamlıyorum', 'CHP')"
5.804419596367466,70584,3478,1058,"('BAŞKAN', 'Arkadaşlar')"
5.787559153381996,24384,7240,752,"('en', 'iyi')"
5.77244518289935,4263,38565,693,"('cevabı', 'İstanbul')"
5.768476199942152,3349,50788,715,"('Konya', 'Milletvekili')"
5.765042328737575,114123,2593,1241,"('Sayın', 'Altay')"
5.749850108926673,4652,33567,648,"('biraz', 'daha')"
5.741532317589979,146855,7209,4368,"('bu', 'konuda')"
5.7271548584076175,3437,235682,3309,"('herhangi', 'bir')"
5.721994043195143,4489,50788,928,"('Gaziantep', 'Milletvekili')"
5.7121675081258125,3531,50788,725,"('Hatay', 'Milletvekili')"
5.7097439494389075,10382,18090,758,"('gün', 'önce')"
5.702632755965951,13155,12322,651,"('selamlıyorum', 'HDP')"
5.69815750032581,33567,7240,973,"('daha', 'iyi')"
5.6976298563182874,114123,1734,792,"('Sayın', 'Özkoç')"
5.685716028232005,6399,50788,1290,"('Adana', 'Milletvekili')"
5.668208752473613,33304,9219,1204,"('nin', 'nci')"
5.634281685866478,114123,1837,803,"('Sayın', 'Cumhurbaşkanımız')"
5.631746297124217,22404,7868,674,"('açıklaması', 'Mersin')"
5.631516427574823,35519,5133,697,"('çok', 'açık')"
5.607436810009277,22404,11219,945,"('açıklaması', 'Manisa')"
5.605539242857175,9308,50788,1775,"('Ankara', 'Milletvekili')"
5.603021553489725,13155,19064,940,"('selamlıyorum', 'Değerli')"
5.602203396232478,235682,888,784,"('bir', 'araya')"
5.598104691002703,146855,2831,1553,"('bu', 'yana')"
5.595654920359868,114123,2338,995,"('Sayın', 'Oluç')"
5.589232794464958,4630,50788,873,"('Antalya', 'Milletvekili')"
5.583753056965915,40161,9109,1353,"('olan', 'Meclis')"
5.58299361819425,14493,114123,6114,"('ederim', 'Sayın')"
5.568982846456465,28331,6354,659,"('milletvekilleri', 'şimdi')"
5.556399199268594,14243,22423,1159,"('şey', 'yok')"
5.5492956552657,11278,103445,4213,"('hem', 'de')"
5.540024232877026,114123,2574,1054,"('Sayın', 'Akbaşoğlu')"
5.539343890540798,33379,7702,922,"('ne', 'oldu')"
5.533833353538362,11036,70584,2783,"('Başkanım', 'BAŞKAN')"
5.516198908022933,14337,16601,840,"('Devam', 'Yılı')"
5.506186354952578,5138,57863,1042,"('tarihinde', 'Türkiye')"
5.494369985598748,58509,4007,815,"('için', 'gerekli')"
5.473732239890756,8437,24937,721,"('ilk', 'söz')"
5.469015353656777,283917,1059,1027,"('ve', 'Şehircilik')"
5.454078181815222,283917,970,931,"('ve', 'Altyapı')"
5.440052247588673,114123,1840,703,"('Sayın', 'Akçay')"
5.4373881048869235,3532,283917,3351,"('sorusu', 've')"
5.434399467946463,5171,46625,804,"('uygun', 'olarak')"
5.427109229656697,2794,283917,2632,"('Plan', 've')"
5.4160969626507685,70584,3511,816,"('BAŞKAN', 'Aynı')"
5.372011267939768,146855,2145,1006,"('bu', 'tür')"
5.369423904777374,114123,2078,756,"('Sayın', 'Türkkan')"
5.35710822161977,114123,2337,843,"('Sayın', 'Beştaş')"
5.350952702273625,15375,15375,744,"('zaman', 'zaman')"
5.2742137805235485,21769,99284,6450,"('ya', 'da')"
5.266655238969258,56398,3936,659,"('Bu', 'durum')"
5.246686539259727,146855,4577,1968,"('bu', 'ülkede')"
5.237426481609259,114123,3506,1164,"('Sayın', 'Özkan')"
5.223070504677299,235682,1806,1226,"('bir', 'tanesi')"
5.21477291731325,33567,18090,1739,"('daha', 'önce')"
5.21324098445044,114123,2141,699,"('Sayın', 'Zengin')"
5.208375117933508,13463,17142,658,"('ifade', 'ediyorum')"
5.184073836431822,235682,1182,781,"('bir', 'kısmı')"
5.172734758125353,2764,235682,1812,"('Böyle', 'bir')"
5.16409844196767,33379,15375,1419,"('ne', 'zaman')"
5.146306502826209,283917,984,763,"('ve', 'arkadaşları')"
5.146192024615669,15770,17299,745,"('yıl', 'sonra')"
5.136157742760692,114123,2643,818,"('Sayın', 'Recep')"
5.134230875396374,70584,18518,3540,"('BAŞKAN', 'Teşekkür')"
5.132615752674288,114123,3090,954,"('Sayın', 'Bülbül')"
5.130979491777977,114123,3207,989,"('Sayın', 'Turan')"
5.127047697069669,3659,70584,696,"('efendim', 'BAŞKAN')"
5.124475803625255,872,283917,666,"('Gençlik', 've')"
5.119597666608432,114123,5298,1621,"('Sayın', 'Özel')"
5.1195018861867965,235682,5606,3542,"('bir', 'kez')"
5.09620002522271,9030,27204,648,"('Allah', 'ın')"
5.080659140551671,235682,14243,8760,"('bir', 'şey')"
5.0777801594923595,283917,1136,840,"('ve', 'Teknoloji')"
5.003096630976871,70584,5007,874,"('BAŞKAN', 'Peki')"
4.993875434765217,1495,283917,1043,"('Hazine', 've')"
4.957563121127443,283917,2515,1711,"('ve', 'Orman')"
4.930608958499251,24384,12869,738,"('en', 'son')"
4.928785675366893,146855,4508,1555,"('bu', 'ülkenin')"
4.927386296903525,283917,5414,3607,"('ve', 'Kalkınma')"
4.915561057049013,35519,15907,1315,"('çok', 'büyük')"
4.900018215384389,33567,17299,1337,"('daha', 'sonra')"
4.891006501639256,4900,58509,656,"('Bunun', 'için')"
4.882772087973742,4147,103445,976,"('Suriye', 'de')"
4.882738226300867,1045,283917,675,"('Çalışma', 've')"
4.881926355125311,1738,283917,1122,"('Ulaştırma', 've')"
4.87702001490163,283917,1646,1059,"('ve', 'Maliye')"
4.867098435041571,283917,1047,669,"('ve', 'Spor')"
4.863507596776597,11197,46625,1172,"('Partisi', 'olarak')"
4.862945875420137,25749,14243,823,"('her', 'şey')"
4.859740129927703,235682,1768,933,"('bir', 'kere')"
4.825554214368583,235682,6186,3188,"('bir', 'an')"
4.757145764798267,235682,1469,722,"('bir', 'biçimde')"
4.746232746281316,3937,99284,809,"('onu', 'da')"
4.720538900236261,235682,2089,1001,"('bir', 'açıklama')"
4.702902848560797,5731,283917,3268,"('arz', 've')"
4.676798683509854,24038,18518,878,"('Devamla', 'Teşekkür')"
4.67514741839245,10865,235682,5045,"('böyle', 'bir')"
4.67207352989662,38565,18518,1404,"('İstanbul', 'Teşekkür')"
4.660624267804489,25749,15770,792,"('her', 'yıl')"
4.643716701411221,6510,283917,3563,"('Adalet', 've')"
4.637146559274465,22404,38565,1658,"('açıklaması', 'İstanbul')"
4.6369925569671855,70584,6254,847,"('BAŞKAN', 'Evet')"
4.635199967367496,283917,5931,3227,"('ve', 'teklif')"
4.630612354773008,32160,12322,757,"('alkışlar', 'HDP')"
4.593284809538551,114123,3714,789,"('Sayın', 'Muş')"
4.591283628059143,235682,16829,7373,"('bir', 'şekilde')"
4.581903707346368,283917,1478,775,"('ve', 'Turizm')"
4.579727501233612,1570,283917,822,"('tarihli', 've')"
4.564734523645141,70584,114123,14701,"('BAŞKAN', 'Sayın')"
4.522432473150952,14493,70584,1813,"('ederim', 'BAŞKAN')"
4.521556383937644,114123,6743,1363,"('Sayın', 'Cumhurbaşkanı')"
4.503415993562765,14337,70584,1770,"('Devam', 'BAŞKAN')"
4.494965284946632,70584,20923,2568,"('BAŞKAN', 'Kabul')"
4.478568978005748,24384,35519,1489,"('en', 'çok')"
4.458603574714223,44886,70584,5372,"('Başkan', 'BAŞKAN')"
4.454150892154722,8281,58509,819,"('etmek', 'için')"
4.446272803406871,32160,18348,992,"('alkışlar', 'CHP')"
4.435584669272546,235682,3936,1548,"('bir', 'durum')"
4.394380234537661,235682,3948,1509,"('bir', 'düzenleme')"
4.385087981916658,2317,283917,1060,"('Çevre', 've')"
4.365834169024461,3245,235682,1216,"('şöyle', 'bir')"
4.350654438159061,24038,19064,721,"('Devamla', 'Değerli')"
4.346264620781391,4089,283917,1821,"('Tarım', 've')"
4.340807282872377,8564,235682,3154,"('başka', 'bir')"
4.333782457860968,11219,114123,1991,"('Manisa', 'Sayın')"
4.332561050652236,5418,235682,1984,"('ciddi', 'bir')"
4.3309400844896215,5183,114123,918,"('Çanakkale', 'Sayın')"
4.328764960173105,17142,70584,1875,"('ediyorum', 'BAŞKAN')"
4.307703927337074,12913,103445,2040,"('ben', 'de')"
4.300131998341581,17142,114123,2972,"('ediyorum', 'Sayın')"
4.284341947272771,70584,19064,2022,"('BAŞKAN', 'Değerli')"
4.2828827127154225,283917,6565,2798,"('ve', 'Bütçe')"
4.277620769349167,16638,58509,1456,"('olduğu', 'için')"
4.2469073477136785,57863,103445,8764,"('Türkiye', 'de')"
4.239753357835741,2594,283917,1073,"('kurum', 've')"
4.235435945751079,3469,146855,740,"('İşte', 'bu')"
4.224275055794455,283917,1603,656,"('ve', 'Milletvekilinin')"
4.2213250043241635,35519,33567,1715,"('çok', 'daha')"
4.185548007118823,114123,6382,1022,"('Sayın', 'Grup')"
4.167425652763348,283917,2219,873,"('ve', 'Sosyal')"
4.145215082647585,13155,70584,1267,"('selamlıyorum', 'BAŞKAN')"
4.1361358296953386,2447,235682,782,"('net', 'bir')"
4.126417760038266,9124,58509,719,"('bunun', 'için')"
4.119274485867037,14243,42853,818,"('şey', 'var')"
4.103781524660677,114123,4375,662,"('Sayın', 'Erdoğan')"
4.075779388197749,14337,38565,719,"('Devam', 'İstanbul')"
4.065212875091945,34192,33304,1470,"('PARTİ', 'nin')"
4.057055295349263,13483,235682,4079,"('önemli', 'bir')"
4.052983011033067,32160,21523,886,"('alkışlar', 'AK')"
4.040435714110884,283917,2215,798,"('ve', 'Dışişleri')"
4.023361800072115,235682,3996,1181,"('bir', 'konu')"
3.9988982463932077,7896,114123,1111,"('dakika', 'Sayın')"
3.9960248414854105,15907,235682,4613,"('büyük', 'bir')"
3.994355689649083,25705,46625,1473,"('ilgili', 'olarak')"
3.958041588701185,2354,283917,801,"('yerli', 've')"
3.9526224451272736,4474,235682,1259,"('öyle', 'bir')"
3.9512714041494705,9984,103445,1232,"('siz', 'de')"
3.9486742267777477,6336,114123,861,"('Sakarya', 'Sayın')"
3.9441788652014154,146855,3941,687,"('bu', 'yasa')"
3.9357387565005215,33567,35519,1407,"('daha', 'çok')"
3.9355355775260406,10200,103445,1245,"('Ben', 'de')"
3.9286293346976002,7529,114123,1009,"('Kocaeli', 'Sayın')"
3.900452430247983,9727,235682,2640,"('yeni', 'bir')"
3.895877427756522,235682,3090,836,"('bir', 'sorun')"
3.8678826415772285,2736,235682,726,"('kısa', 'bir')"
3.856374586759688,15899,103445,1837,"('biz', 'de')"
3.838842011449358,146855,10787,1748,"('bu', 'kanun')"
3.8045964230530354,114123,28331,3484,"('Sayın', 'milletvekilleri')"
3.80431196551952,2556,235682,649,"('güçlü', 'bir')"
3.7287939583215066,17299,99284,1756,"('sonra', 'da')"
3.7217564808776595,5642,146855,843,"('Dolayısıyla', 'bu')"
3.703106320210936,2304,283917,657,"('edilmiş', 've')"
3.677236310636279,35519,20605,722,"('çok', 'değerli')"
3.6640187706122065,6723,114123,750,"('Denizli', 'Sayın')"
3.6133880194400176,42853,28854,1167,"('var', 'ama')"
3.5999947180928547,235682,4229,932,"('bir', 'çalışma')"
3.5476421834397485,235682,5571,1184,"('bir', 'ülke')"
3.545776265937177,3411,235682,724,"('verilmiş', 'bir')"
3.542362276091861,235682,7896,1672,"('bir', 'dakika')"
3.5261576306171505,9869,103445,907,"('Biz', 'de')"
3.5110502140323363,5176,283917,1292,"('hak', 've')"
3.4695960269934716,146855,27221,3415,"('bu', 'kadar')"
3.466940400549729,70584,13242,797,"('BAŞKAN', 'Bir')"
3.448591968818244,70584,14337,852,"('BAŞKAN', 'Devam')"
3.4353890572305277,24038,56398,1131,"('Devamla', 'Bu')"
3.434348464109704,33304,24384,677,"('nin', 'en')"
3.4037941072769993,9308,114123,867,"('Ankara', 'Sayın')"
3.399451207282668,9308,99284,752,"('Ankara', 'da')"
3.3662441418665474,235682,3831,718,"('bir', 'süre')"
3.342124609187285,28331,57863,1282,"('milletvekilleri', 'Türkiye')"
3.322423302862537,3228,283917,707,"('Kanunlarda', 've')"
3.3163821487348386,4032,235682,730,"('olmayan', 'bir')"
3.3021932295945553,13242,103445,1042,"('Bir', 'de')"
3.3020190414530193,283917,4089,883,"('ve', 'Tarım')"
3.2822813339315964,38565,114123,3302,"('İstanbul', 'Sayın')"
3.255601929447146,4787,283917,1001,"('MHP', 've')"
3.194832971231637,70584,16733,834,"('BAŞKAN', 'Şimdi')"
3.1270032404397283,146855,16829,1665,"('bu', 'şekilde')"
3.1114280413876174,15823,99284,1047,"('bunu', 'da')"
3.102679656957611,15516,114123,1173,"('adına', 'Sayın')"
3.083668059696109,8197,235682,1263,"('tek', 'bir')"
3.0698410168454155,33567,99284,2158,"('daha', 'da')"
3.03559551261029,283917,9703,1742,"('ve', 'diğer')"
3.0176392744459184,10282,146855,943,"('Yani', 'bu')"
3.014208674247882,16733,146855,1531,"('Şimdi', 'bu')"
3.007415701560193,5686,235682,831,"('gereken', 'bir')"
3.001287306046043,5133,235682,747,"('açık', 'bir')"
2.9657949367681313,235682,5782,821,"('bir', 'karar')"
2.959823487776195,235682,8564,1211,"('bir', 'başka')"
2.9582624918808724,12710,103445,788,"('bugün', 'de')"
2.9425834611811172,283917,6743,1135,"('ve', 'Cumhurbaşkanı')"
2.9309197767501454,283917,6097,1018,"('ve', 'millî')"
2.9099159359590816,9869,146855,840,"('Biz', 'bu')"
2.880832707879233,283917,4787,772,"('ve', 'MHP')"
2.8656971546610297,103445,11798,686,"('de', 'aynı')"
2.852910187368515,9436,235682,1239,"('nasıl', 'bir')"
2.8392627701801287,283917,6114,958,"('ve', 'sosyal')"
2.827523849740404,42853,56398,1323,"('var', 'Bu')"
2.795521585372163,7806,235682,985,"('doğru', 'bir')"
2.7840843363705003,18090,103445,994,"('önce', 'de')"
2.741198757272795,34192,46625,822,"('PARTİ', 'olarak')"
2.7080911648587933,14575,235682,1731,"('diye', 'bir')"
2.701603686529574,8918,146855,657,"('Bakın', 'bu')"
2.6863750548591416,15899,146855,1159,"('biz', 'bu')"
2.676074049216847,235682,10787,1253,"('bir', 'kanun')"
2.6740139295644068,9173,235682,1064,"('eden', 'bir')"
2.615682628857926,10200,146855,708,"('Ben', 'bu')"
2.611638733211029,24038,114123,1293,"('Devamla', 'Sayın')"
2.5982379001861577,13486,283917,1788,"('Teklifi', 've')"
2.586306919679068,283917,6510,856,"('ve', 'Adalet')"
2.5732548584761488,235682,10382,1123,"('bir', 'gün')"
2.543055194260847,56398,27221,690,"('Bu', 'kadar')"
2.539296177208786,33555,146855,2209,"('ki', 'bu')"
2.508957344955559,7240,235682,749,"('iyi', 'bir')"
2.463258194737827,28854,146855,1802,"('ama', 'bu')"
2.4333101795067984,283917,9124,1079,"('ve', 'bunun')"
2.3946926060189253,235682,9741,931,"('bir', 'siyasi')"
2.3764921846198637,50788,114123,2321,"('Milletvekili', 'Sayın')"
2.3508847442395044,235682,8197,760,"('bir', 'tek')"
2.338823013191155,70584,44886,1236,"('BAŞKAN', 'Başkan')"
2.319630381601318,58509,103445,2330,"('için', 'de')"
2.316918965500433,235682,8061,730,"('bir', 'madde')"
2.294539355586591,25705,235682,2292,"('ilgili', 'bir')"
2.2719088963849625,33379,103445,1286,"('ne', 'de')"
2.2674669304550346,235682,15770,1380,"('bir', 'yıl')"
2.2236500025267225,283917,12810,1310,"('ve', 'İYİ')"
2.1793849361565973,20196,146855,1036,"('arkadaşlar', 'bu')"
2.1593422098197497,38565,99284,1319,"('İstanbul', 'da')"
2.127596505129631,14468,146855,716,"('bütün', 'bu')"
2.1018061355794324,283917,7012,659,"('ve', 'ekonomik')"
2.098674437453859,46625,99284,1529,"('olarak', 'da')"
2.093110758336598,146855,15770,762,"('bu', 'yıl')"
2.092143821219471,235682,11446,887,"('bir', 'iş')"
2.0500518527341822,26878,235682,2023,"('gibi', 'bir')"
2.0392918325395955,283917,13645,1228,"('ve', 'sayılı')"
1.8955121492598326,38565,70584,781,"('İstanbul', 'BAŞKAN')"
1.8797176650490486,283917,12920,1041,"('ve', 'tüm')"
1.86823947348491,16638,235682,1104,"('olduğu', 'bir')"
1.8439104103788024,114123,23961,757,"('Sayın', 'Genel')"
1.834249622185697,11341,235682,735,"('sadece', 'bir')"
1.8091469106690432,99284,35519,953,"('da', 'çok')"
1.8077689443377598,44886,114123,1383,"('Başkan', 'Sayın')"
1.7486902611871513,18348,283917,1350,"('CHP', 've')"
1.6990737890099148,103445,35519,920,"('de', 'çok')"
1.6599756935637529,25705,103445,648,"('ilgili', 'de')"
1.6486792953203337,28331,146855,1006,"('milletvekilleri', 'bu')"
1.606694079422184,40161,235682,2223,"('olan', 'bir')"
1.578168795591371,103445,146855,3498,"('de', 'bu')"
1.5508451742874023,283917,18348,1177,"('ve', 'CHP')"
1.5372014383072785,283917,12322,783,"('ve', 'HDP')"
1.5256108832994144,15556,235682,814,"('burada', 'bir')"
1.4927791333363292,40161,146855,1280,"('olan', 'bu')"
1.4106200933436304,283917,146855,8548,"('ve', 'bu')"
1.4008463683499355,99284,146855,2969,"('da', 'bu')"
1.3106686686065288,34192,283917,1857,"('PARTİ', 've')"
1.2357356989303825,283917,14468,746,"('ve', 'bütün')"
1.215656452664983,99284,42853,762,"('da', 'var')"
1.2082462377637944,58509,146855,1531,"('için', 'bu')"
1.2034700190474092,46625,146855,1216,"('olarak', 'bu')"
1.1853406834572697,56398,99284,982,"('Bu', 'da')"
1.1787241396963466,235682,24937,1026,"('bir', 'söz')"
1.1503573349539524,283917,21523,1046,"('ve', 'AK')"
1.1219669380460129,283917,15823,754,"('ve', 'bunu')"
1.108252162211398,70584,57863,679,"('BAŞKAN', 'Türkiye')"
1.064577928143851,103445,42853,715,"('de', 'var')"
1.0452160025334116,235682,33567,1259,"('bir', 'daha')"
0.9348100261980613,283917,17298,724,"('ve', 'Türk')"
0.9069727597684889,42853,146855,910,"('var', 'bu')"
0.8097246228645142,58509,235682,1864,"('için', 'bir')"
0.7352635504999556,28854,235682,873,"('ama', 'bir')"
0.6644718116883294,283917,57863,2008,"('ve', 'Türkiye')"
0.6275818861642881,283917,25749,871,"('ve', 'her')"
0.5924795468395762,283917,24384,805,"('ve', 'en')"
0.5668799205525856,99284,235682,2673,"('da', 'bir')"
0.5070855833415399,103445,57863,656,"('de', 'Türkiye')"
0.4757052586155594,283917,33567,1022,"('ve', 'daha')"
0.4266149785607206,103445,235682,2527,"('de', 'bir')"
0.3060822655071349,42853,283917,1160,"('var', 've')"
0.25417851226775384,146855,99284,1341,"('bu', 'da')"
0.044502117722738196,235682,103445,1939,"('bir', 'de')"
-0.11844771296927592,40161,283917,810,"('olan', 've')"
-0.23505359012027438,46625,235682,720,"('olarak', 'bir')"
-0.3049130140605604,103445,103445,668,"('de', 'de')"
-0.37844819269600793,235682,57863,809,"('bir', 'Türkiye')"
-0.6155845627589654,56398,235682,669,"('Bu', 'bir')"
-1.5942208827882918,146855,235682,884,"('bu', 'bir')"
-1.8954482190463506,283917,235682,1387,"('ve', 'bir')"
