C(w1;w2),collocation,tag pattern
38672,"('BA', 'KAN')",NN
28614,"('Ba', 'kan')",NN
23936,"('ili', 'kin')",NN
22620,"('Kabul', 'edenler')",NN
22583,"('soru', 'önergesi')",NN
20446,"('Say', 'Ba')",NN
18869,"('yazılı', 'soru')",AN
16733,"('Millet', 'Meclisi')",NN
15950,"('Büyük', 'Millet')",AN
15930,"('sıralarından', 'alkışlar')",NN
15138,"('edenler', 'Kabul')",NN
14049,"('önergesi', 'Başkanlığa')",NN
13982,"('Te', 'ekk')",NN
11130,"('otomatik', 'cihaz')",AN
10884,"('erli', 'milletvekilleri')",AN
10577,"('de', 'il')",NN
10397,"('na', 'ili')",NN
10023,"('BAŞKAN', 'Teşekkür')",AN
9896,"('ad', 'na')",NN
9855,"('Say', 'Bakan')",NN
9621,"('le', 'ri')",NN
9534,"('değerli', 'milletvekilleri')",AN
9328,"('yaz', 'soru')",NN
8988,"('Teşekkür', 'ederim')",NN
8737,"('ne', 'kadar')",AN
8527,"('Türkiye', 'de')",AN
8101,"('KAN', 'Te')",NN
7860,"('Sayın', 'Bakan')",AN
7577,"('ekk', 'ederim')",NN
7555,"('Kanun', 'Tasarısı')",NN
7477,"('Değerli', 'milletvekilleri')",AN
7357,"('Meclisi', 'Başkanlığına')",NN
7038,"('Sayın', 'milletvekilleri')",AN
6968,"('KAN', 'Say')",NN
6947,"('cihaz', 'tarafından')",NN
6765,"('Partisi', 'Grubu')",NN
6731,"('Cumhuriyet', 'Halk')",NN
6606,"('kan', 'de')",NN
6563,"('teklif', 'ederiz')",NN
6466,"('Hareket', 'Partisi')",NN
6432,"('Türkiye', 'Cumhuriyeti')",AN
6231,"('bir', 'şey')",AN
5907,"('Milletvekili', 'Mehmet')",NN
5778,"('OKTAY', 'VURAL')",NN
5603,"('Değerli', 'arkadaşlarım')",AN
5546,"('ilişkin', 'Başbakandan')",NN
5504,"('CHP', 'sıralarından')",NN
5477,"('Kanun', 'Tasar')",NN
5451,"('bir', 'şekilde')",AN
5269,"('Halk', 'Partisi')",NN
5237,"('Milliyetçi', 'Hareket')",NN
5111,"('MHP', 'sıralarından')",NN
5074,"('Adana', 'Milletvekili')",NN
5017,"('AK', 'Parti')",AN
4992,"('BAKANI', 'MEHMET')",NN
4869,"('Ba', 'bakan')",NN
4864,"('do', 'ru')",NN
4778,"('Kanun', 'Teklifi')",NN
4716,"('Mersin', 'Milletvekili')",NN
4688,"('Değerli', 'arkadaşlar')",AN
4587,"('BAŞKAN', 'Komisyon')",AN
4516,"('ederim', 'Say')",NN
4453,"('Hakk', 'nda')",NN
4453,"('Meclis', 'araştırması')",NN
4258,"('Millet', 'Meclisinin')",NN
4218,"('DEVLET', 'BAKANI')",NN
4198,"('de', 'ildir')",NN
4179,"('cihaz', 'taraf')",NN
4157,"('te', 'ekk')",NN
4154,"('Meclisi', 'Ba')",NN
4124,"('Hakkında', 'Kanun')",NN
4120,"('bir', 'de')",AN
4103,"('aras', 'nda')",NN
4006,"('Bursa', 'Milletvekili')",NN
3989,"('Say', 'milletvekilleri')",NN
3944,"('sözlü', 'soru')",AN
3926,"('ilişkin', 'sorusu')",NN
3900,"('GRUBU', 'ADINA')",NN
3825,"('kin', 'Ba')",NN
3792,"('BAŞKAN', 'Kabul')",AN
3665,"('Parti', 'ralar')",NN
3609,"('sayılı', 'Kanun')",AN
3582,"('şu', 'anda')",AN
3542,"('son', 'derece')",AN
3528,"('değerli', 'arkadaşlar')",AN
3526,"('Grubu', 'adına')",NN
3510,"('ge', 'en')",NN
3438,"('bir', 'ok')",AN
3406,"('ko', 'nu')",NN
3393,"('GENÇ', 'Tunceli')",AN
3378,"('Grubu', 'ad')",NN
3354,"('BAŞKAN', 'Hükûmet')",AN
3353,"('hakk', 'nda')",NN
3336,"('söz', 'konusu')",NN
3302,"('AK', 'PART')",AN
3275,"('Buyurun', 'Say')",NN
3270,"('KAN', 'Kabul')",NN
3269,"('değerli', 'arkadaşlarım')",AN
3208,"('Devlet', 'Bakanı')",NN
3200,"('ilişkin', 'önergesi')",NN
3169,"('alt', 'nda')",AN
3155,"('ın', 'cevabı')",NN
3154,"('Milletvekili', 'Kemal')",NN
3150,"('ra', 'say')",NN
3119,"('Önergeyi', 'oylarınıza')",NN
3118,"('yeter', 'sayısı')",AN
3113,"('ra', 'men')",NN
3021,"('nda', 'Kanun')",NN
2993,"('Ba', 'bakandan')",NN
2987,"('in', 'de')",NN
2980,"('bir', 'an')",AN
2957,"('arz', 'ederim')",NN
2941,"('CHP', 'ralar')",NN
2927,"('Kanunu', 'Tasarısı')",NN
2886,"('MEHMET', 'ŞANDIR')",NN
2852,"('çok', 'önemli')",AN
2850,"('KEMAL', 'ANADOL')",NN
2836,"('Başkan', 'Vekili')",AN
2817,"('Milletvekili', 'Ahmet')",NN
2801,"('me', 'si')",NN
2776,"('kan', 'BA')",NN
2775,"('ba', 'kan')",NN
2759,"('in', 'cevabı')",NN
2750,"('MHP', 'ralar')",NN
2745,"('inci', 'maddesi')",AN
2740,"('Ardahan', 'Milletvekili')",NN
2706,"('Milli', 'Eğitim')",AN
2673,"('Komisyon', 'önergeye')",NN
2654,"('Sayın', 'Başbakan')",AN
2649,"('en', 'önemli')",NN
2633,"('say', 'Kanun')",NN
2614,"('Mehmet', 'Şandır')",NN
2578,"('olan', 'sıra')",AN
2561,"('Milletvekili', 'Ensar')",NN
2557,"('konu', 'mas')",NN
2545,"('Alim', 'Işık')",AN
2544,"('ba', 'ar')",NN
2532,"('ben', 'de')",NN
2512,"('Milliyet', 'Hareket')",NN
2505,"('Milletvekili', 'Say')",NN
2504,"('sıralarından', 'gürültüler')",NN
2503,"('ge', 'mi')",NN
2503,"('bugüne', 'kadar')",NN
2502,"('Antalya', 'Milletvekili')",NN
2490,"('Tabii', 'Kaynaklar')",AN
2480,"('Millî', 'Eğitim')",AN
2480,"('Ensar', 'Öğüt')",NN
2479,"('GEN', 'Tunceli')",AN
2463,"('bir', 'kez')",AN
2463,"('Mill', 'itim')",NN
2447,"('Oktay', 'Vural')",NN
2439,"('Ali', 'Rıza')",AN
2428,"('Gaziantep', 'Milletvekili')",NN
2426,"('Milletvekili', 'Hasan')",NN
2422,"('ilişkin', 'açıklaması')",NN
2400,"('kez', 'daha')",NN
2396,"('adına', 'söz')",NN
2361,"('Devlet', 'Bakan')",NN
2345,"('Sayın', 'Bakanım')",AN
2329,"('al', 'an')",AN
2322,"('Kanun', 'un')",NN
2318,"('Eğitim', 'Bakanından')",NN
2308,"('Tokat', 'Milletvekili')",NN
2298,"('kin', 'sorusu')",NN
2296,"('Tüzük', 'ün')",NN
2274,"('bir', 'kanun')",AN
2244,"('de', 'de')",NN
2232,"('na', 're')",NN
2211,"('ge', 'ti')",NN
2209,"('Kemal', 'Demirel')",NN
2207,"('bir', 'konu')",AN
2189,"('bir', 'Meclis')",AN
2189,"('ekk', 'rler')",NN
2187,"('BAŞKAN', 'Buyurun')",AN
2184,"('ŞANDIR', 'Mersin')",NN
2179,"('ok', 'nemli')",NN
2171,"('Anayasa', 'Mahkemesi')",NN
2168,"('biz', 'de')",NN
2156,"('Önerge', 'kabul')",NN
2155,"('mu', 'PLAN')",NN
2145,"('inci', 'maddesinin')",AN
2138,"('ile', 'Plan')",NN
2131,"('Sosyal', 'Güvenlik')",AN
2130,"('Kütahya', 'Milletvekili')",NN
2124,"('Bir', 'dakika')",AN
2123,"('Öğüt', 'ün')",NN
2113,"('GEN', 'Devamla')",AN
2104,"('yeter', 'say')",AN
2098,"('PART', 'ralar')",NN
2067,"('mad', 'de')",NN
2063,"('rler', 'Say')",NN
2056,"('Meclis', 'Araştırması')",NN
2046,"('Cumhuriyeti', 'Hükümeti')",NN
2043,"('ondan', 'sonra')",AN
2035,"('Milletvekili', 'Mustafa')",NN
2033,"('aşağıdaki', 'şekilde')",AN
2025,"('amacıyla', 'Meclis')",AN
2014,"('Tasarısı', 'ile')",NN
2011,"('itim', 'Bakan')",NN
2000,"('KAN', 'Komisyon')",NN
1994,"('Milletvekili', 'Hulusi')",NN
1972,"('heyetinizi', 'saygıyla')",NN
1963,"('Ticaret', 'Kanunu')",NN
1962,"('Mu', 'la')",NN
1961,"('ne', 'de')",AN
1960,"('so', 'ru')",NN
1957,"('KANUN', 'TASARI')",NN
1951,"('ADALET', 'BAKANI')",NN
1951,"('Merkezî', 'Yönetim')",AN
1950,"('tarihi', 'Adana')",AN
1950,"('daha', 'sonra')",NN
1915,"('bakandan', 'yaz')",NN
1906,"('en', 'nemli')",NN
1906,"('GENÇ', 'Devamla')",AN
1904,"('Demirel', 'in')",NN
1900,"('kan', 'Say')",NN
1898,"('ba', 'na')",NN
1890,"('Konya', 'Milletvekili')",NN
1886,"('Işık', 'ın')",NN
1882,"('ne', 'yazık')",AN
1878,"('kanun', 'tasar')",NN
1871,"('sayın', 'milletvekilleri')",AN
1869,"('Kanunu', 'ile')",NN
1868,"('Kanunu', 'nda')",NN
1844,"('MEVLÜT', 'ASLANOĞLU')",NN
1826,"('esas', 'numaralı')",AN
1825,"('üzerinde', 'söz')",NN
1824,"('inci', 'madde')",AN
1803,"('olan', 'ra')",AN
1798,"('Madde', 'Kabul')",NN
1794,"('ne', 'zaman')",AN
1793,"('Genel', 'Kurula')",AN
1793,"('Hasip', 'Kaplan')",NN
1792,"('ba', 'ta')",NN
1792,"('Do', 'ru')",NN
1771,"('Partisi', 'Grup')",NN
1770,"('se', 'im')",NN
1768,"('her', 'zaman')",AN
1767,"('Merkezi', 'Yönetim')",AN
1759,"('Elektronik', 'cihazla')",AN
1752,"('Mevlüt', 'Aslanoğlu')",NN
1749,"('al', 'anlar')",AN
1743,"('bir', 'tanesi')",AN
1741,"('na', 'ra')",NN
1739,"('yüce', 'heyetinizi')",AN
1738,"('için', 'de')",AN
1729,"('ner', 'ge')",NN
1726,"('al', 'nan')",AN
1715,"('madde', 'üzerinde')",NN
1702,"('Ferit', 'Mevlüt')",NN
1700,"('Manisa', 'Milletvekili')",NN
1696,"('inci', 'maddeyi')",AN
1695,"('kapsam', 'nda')",NN
1682,"('zaman', 'zaman')",NN
1676,"('ilişkin', 'Devlet')",NN
1672,"('Bir', 'de')",AN
1646,"('KAN', 'Buyurun')",NN
1641,"('nci', 'maddesinin')",NN
1635,"('kabul', 'edilen')",NN
1623,"('Kanun', 'Tasarı')",NN
1621,"('bir', 'ba')",AN
1618,"('Onun', 'in')",AN
1618,"('Hulusi', 'Güvel')",NN
1614,"('Anayasa', 'Mahkemesinin')",NN
1611,"('Ben', 'de')",NN
1610,"('Ankara', 'Milletvekili')",NN
1607,"('tarihi', 'Bursa')",AN
1607,"('ras', 'nda')",NN
1605,"('Kanun', 'Tasarısının')",NN
1598,"('devam', 'edeceğiz')",NN
1597,"('kan', 'Vekili')",NN
1588,"('le', 'me')",NN
1583,"('bundan', 'sonra')",NN
1581,"('maddeyi', 'oylarınıza')",NN
1570,"('KAN', 'met')",NN
1564,"('ifade', 'etti')",NN
1562,"('Maliye', 'Bakan')",AN
1560,"('yerden', 'devam')",NN
1545,"('olur', 'mu')",AN
1543,"('BAŞKAN', 'Önergeyi')",AN
1538,"('la', 'ra')",NN
1538,"('er', 'li')",AN
1537,"('mk', 'de')",NN
1534,"('Tunceli', 'Milletvekili')",NN
1533,"('alt', 'na')",AN
1532,"('nci', 'maddesi')",NN
1530,"('bir', 'soru')",AN
1516,"('Genel', 'Kurulda')",AN
1515,"('kar', 'kar')",NN
1515,"('SUAT', 'KILIÇ')",NN
1513,"('Genel', 'Kurul')",AN
1509,"('aynı', 'zamanda')",AN
1509,"('Yönetim', 'Bütçesi')",NN
1501,"('Mehdi', 'Eker')",NN
1501,"('Diğer', 'önergeyi')",AN
1497,"('çok', 'daha')",AN
1477,"('ce', 'heyetinizi')",NN
1474,"('Par', 'ti')",NN
1473,"('kil', 'le')",NN
1468,"('Hizmetleri', 'BA')",NN
1456,"('Borçlar', 'Kanunu')",NN
1450,"('Bal', 'kesir')",NN
1447,"('efendim', 'BA')",AN
1444,"('Yard', 'mc')",NN
1442,"('Sosyal', 'Sigortalar')",AN
1440,"('ba', 'ms')",NN
1440,"('Milletvekili', 'Reşat')",NN
1436,"('saat', 'te')",NN
1427,"('Rıza', 'Öztürk')",NN
1426,"('Bakan', 'Mehmet')",NN
1424,"('Giresun', 'Milletvekili')",NN
1423,"('SIRRI', 'SAKIK')",NN
1419,"('Denizli', 'Milletvekili')",NN
1411,"('ilişkin', 'gündem')",NN
1407,"('ederim', 'BA')",NN
1404,"('netim', 'esi')",AN
1399,"('Van', 'Milletvekili')",NN
1399,"('Türkiye', 'yi')",AN
1381,"('de', 'ik')",NN
1380,"('on', 'dakika')",AN
1379,"('Bakanı', 'Mehmet')",NN
1377,"('ra', 'la')",NN
1377,"('bir', 'yasa')",AN
1376,"('Allah', 'tan')",NN
1375,"('stan', 'bul')",NN
1374,"('maddesi', 'ile')",NN
1370,"('dakika', 'süre')",NN
1368,"('la', 'na')",NN
1368,"('mek', 'te')",NN
1362,"('Yıldız', 'ın')",AN
1356,"('Mehmet', 'Akif')",NN
1349,"('Mehmet', 'Mehdi')",NN
1348,"('do', 'rudan')",NN
1346,"('eklenmesini', 'arz')",AN
1346,"('Türkiye', 'deki')",AN
1345,"('kar', 'la')",NN
1338,"('sin', 'de')",NN
1332,"('kabul', 'edenler')",NN
1331,"('bir', 'dakika')",AN
1325,"('ge', 'li')",NN
1324,"('inci', 'maddeleri')",AN
1322,"('LU', 'Devamla')",NN
1315,"('nda', 'yer')",NN
1313,"('nci', 'maddeyi')",NN
1310,"('bir', 'daha')",AN
1308,"('yan', 'nda')",NN
1308,"('kar', 'nda')",NN
1303,"('Görevleri', 'Hakkında')",NN
1301,"('milletvekili', 'arkadaşlarım')",NN
1296,"('Sayın', 'Şandır')",AN
1293,"('km', 'nde')",NN
1287,"('EL', 'TA')",NN
1283,"('MUSTAFA', 'EL')",NN
1279,"('Kanunu', 'Tasar')",NN
1279,"('CHP', 'GRUBU')",NN
1273,"('Balıkesir', 'Milletvekili')",NN
1272,"('Kesin', 'Hesabı')",AN
1270,"('Maddeyi', 'oylarınıza')",NN
1266,"('sırada', 'yer')",NN
1263,"('Milletvekili', 'Osman')",NN
1261,"('yard', 'mc')",NN
1261,"('maddeyi', 'oylar')",NN
1260,"('ilk', 'defa')",AN
1260,"('mu', 'ADALET')",NN
1254,"('Biz', 'de')",NN
1254,"('Şu', 'anda')",AN
1252,"('Akif', 'Paksoy')",NN
1249,"('nci', 'madde')",NN
1249,"('Milletvekili', 'Oktay')",NN
1241,"('Teklifleri', 'ile')",NN
1234,"('Sağlık', 'Bakanından')",AN
1231,"('biraz', 'nce')",AN
1230,"('KAYNAKLAR', 'BAKANI')",NN
1230,"('ASLANOĞLU', 'Malatya')",NN
1227,"('mak', 'ta')",NN
1226,"('konu', 'man')",NN
1222,"('MHP', 'GRUBU')",NN
1221,"('ge', 'si')",NN
1221,"('Türk', 'Ticaret')",NN
1220,"('ek', 'süre')",AN
1218,"('arz', 'ederiz')",NN
1212,"('siyasi', 'parti')",AN
1211,"('Malatya', 'Milletvekili')",NN
1210,"('ba', 'nda')",NN
1208,"('Mustafa', 'Kemal')",NN
1207,"('al', 'nm')",AN
1202,"('Kayseri', 'Milletvekili')",NN
1199,"('ri', 'ni')",NN
1194,"('Erkan', 'Akçay')",NN
1193,"('Kanun', 'km')",NN
1186,"('tarihi', 'Ardahan')",AN
1186,"('temel', 'kanun')",AN
1184,"('YILDIZ', 'Antalya')",AN
1183,"('bir', 'sm')",AN
1182,"('Bazı', 'Kanunlarda')",AN
1180,"('Köyişleri', 'Bakanından')",NN
1179,"('Devamla', 'Teşekkür')",NN
1179,"('ilişkin', 'Tarım')",NN
1178,"('SUHA', 'OKAY')",NN
1177,"('er', 'eve')",AN
1177,"('HAKKI', 'SUHA')",NN
1170,"('RIZA', 'ÖZTÜRK')",NN
